--
-- PostgreSQL database dump
--

\restrict pgXsHS4nvEfM3qSDhJR8b0P8NjnxwzLHcOSglh2bj70QoxAyTk2zQAR8ctUbfZc

-- Dumped from database version 14.19 (Ubuntu 14.19-0ubuntu0.22.04.1)
-- Dumped by pg_dump version 14.19 (Ubuntu 14.19-0ubuntu0.22.04.1)

SET statement_timeout = 0;
SET lock_timeout = 0;
SET idle_in_transaction_session_timeout = 0;
SET client_encoding = 'UTF8';
SET standard_conforming_strings = on;
SELECT pg_catalog.set_config('search_path', '', false);
SET check_function_bodies = false;
SET xmloption = content;
SET client_min_messages = warning;
SET row_security = off;

SET default_tablespace = '';

SET default_table_access_method = heap;

--
-- Name: auth_group; Type: TABLE; Schema: public; Owner: postgres
--

CREATE TABLE public.auth_group (
    id integer NOT NULL,
    name character varying(150) NOT NULL
);


ALTER TABLE public.auth_group OWNER TO postgres;

--
-- Name: auth_group_id_seq; Type: SEQUENCE; Schema: public; Owner: postgres
--

ALTER TABLE public.auth_group ALTER COLUMN id ADD GENERATED BY DEFAULT AS IDENTITY (
    SEQUENCE NAME public.auth_group_id_seq
    START WITH 1
    INCREMENT BY 1
    NO MINVALUE
    NO MAXVALUE
    CACHE 1
);


--
-- Name: auth_group_permissions; Type: TABLE; Schema: public; Owner: postgres
--

CREATE TABLE public.auth_group_permissions (
    id bigint NOT NULL,
    group_id integer NOT NULL,
    permission_id integer NOT NULL
);


ALTER TABLE public.auth_group_permissions OWNER TO postgres;

--
-- Name: auth_group_permissions_id_seq; Type: SEQUENCE; Schema: public; Owner: postgres
--

ALTER TABLE public.auth_group_permissions ALTER COLUMN id ADD GENERATED BY DEFAULT AS IDENTITY (
    SEQUENCE NAME public.auth_group_permissions_id_seq
    START WITH 1
    INCREMENT BY 1
    NO MINVALUE
    NO MAXVALUE
    CACHE 1
);


--
-- Name: auth_permission; Type: TABLE; Schema: public; Owner: postgres
--

CREATE TABLE public.auth_permission (
    id integer NOT NULL,
    name character varying(255) NOT NULL,
    content_type_id integer NOT NULL,
    codename character varying(100) NOT NULL
);


ALTER TABLE public.auth_permission OWNER TO postgres;

--
-- Name: auth_permission_id_seq; Type: SEQUENCE; Schema: public; Owner: postgres
--

ALTER TABLE public.auth_permission ALTER COLUMN id ADD GENERATED BY DEFAULT AS IDENTITY (
    SEQUENCE NAME public.auth_permission_id_seq
    START WITH 1
    INCREMENT BY 1
    NO MINVALUE
    NO MAXVALUE
    CACHE 1
);


--
-- Name: citas_carrito; Type: TABLE; Schema: public; Owner: postgres
--

CREATE TABLE public.citas_carrito (
    id bigint NOT NULL,
    cantidad integer NOT NULL,
    agregado_en timestamp with time zone NOT NULL,
    servicio_id bigint NOT NULL,
    usuario_id bigint NOT NULL
);


ALTER TABLE public.citas_carrito OWNER TO postgres;

--
-- Name: citas_carrito_id_seq; Type: SEQUENCE; Schema: public; Owner: postgres
--

ALTER TABLE public.citas_carrito ALTER COLUMN id ADD GENERATED BY DEFAULT AS IDENTITY (
    SEQUENCE NAME public.citas_carrito_id_seq
    START WITH 1
    INCREMENT BY 1
    NO MINVALUE
    NO MAXVALUE
    CACHE 1
);


--
-- Name: citas_cita; Type: TABLE; Schema: public; Owner: postgres
--

CREATE TABLE public.citas_cita (
    id bigint NOT NULL,
    fecha timestamp with time zone NOT NULL,
    estado character varying(20) NOT NULL,
    notas text NOT NULL,
    creado_en timestamp with time zone NOT NULL,
    servicio_id bigint NOT NULL,
    usuario_id bigint NOT NULL
);


ALTER TABLE public.citas_cita OWNER TO postgres;

--
-- Name: citas_cita_id_seq; Type: SEQUENCE; Schema: public; Owner: postgres
--

ALTER TABLE public.citas_cita ALTER COLUMN id ADD GENERATED BY DEFAULT AS IDENTITY (
    SEQUENCE NAME public.citas_cita_id_seq
    START WITH 1
    INCREMENT BY 1
    NO MINVALUE
    NO MAXVALUE
    CACHE 1
);


--
-- Name: django_admin_log; Type: TABLE; Schema: public; Owner: postgres
--

CREATE TABLE public.django_admin_log (
    id integer NOT NULL,
    action_time timestamp with time zone NOT NULL,
    object_id text,
    object_repr character varying(200) NOT NULL,
    action_flag smallint NOT NULL,
    change_message text NOT NULL,
    content_type_id integer,
    user_id bigint NOT NULL,
    CONSTRAINT django_admin_log_action_flag_check CHECK ((action_flag >= 0))
);


ALTER TABLE public.django_admin_log OWNER TO postgres;

--
-- Name: django_admin_log_id_seq; Type: SEQUENCE; Schema: public; Owner: postgres
--

ALTER TABLE public.django_admin_log ALTER COLUMN id ADD GENERATED BY DEFAULT AS IDENTITY (
    SEQUENCE NAME public.django_admin_log_id_seq
    START WITH 1
    INCREMENT BY 1
    NO MINVALUE
    NO MAXVALUE
    CACHE 1
);


--
-- Name: django_content_type; Type: TABLE; Schema: public; Owner: postgres
--

CREATE TABLE public.django_content_type (
    id integer NOT NULL,
    app_label character varying(100) NOT NULL,
    model character varying(100) NOT NULL
);


ALTER TABLE public.django_content_type OWNER TO postgres;

--
-- Name: django_content_type_id_seq; Type: SEQUENCE; Schema: public; Owner: postgres
--

ALTER TABLE public.django_content_type ALTER COLUMN id ADD GENERATED BY DEFAULT AS IDENTITY (
    SEQUENCE NAME public.django_content_type_id_seq
    START WITH 1
    INCREMENT BY 1
    NO MINVALUE
    NO MAXVALUE
    CACHE 1
);


--
-- Name: django_migrations; Type: TABLE; Schema: public; Owner: postgres
--

CREATE TABLE public.django_migrations (
    id bigint NOT NULL,
    app character varying(255) NOT NULL,
    name character varying(255) NOT NULL,
    applied timestamp with time zone NOT NULL
);


ALTER TABLE public.django_migrations OWNER TO postgres;

--
-- Name: django_migrations_id_seq; Type: SEQUENCE; Schema: public; Owner: postgres
--

ALTER TABLE public.django_migrations ALTER COLUMN id ADD GENERATED BY DEFAULT AS IDENTITY (
    SEQUENCE NAME public.django_migrations_id_seq
    START WITH 1
    INCREMENT BY 1
    NO MINVALUE
    NO MAXVALUE
    CACHE 1
);


--
-- Name: django_session; Type: TABLE; Schema: public; Owner: postgres
--

CREATE TABLE public.django_session (
    session_key character varying(40) NOT NULL,
    session_data text NOT NULL,
    expire_date timestamp with time zone NOT NULL
);


ALTER TABLE public.django_session OWNER TO postgres;

--
-- Name: servicios_servicio; Type: TABLE; Schema: public; Owner: postgres
--

CREATE TABLE public.servicios_servicio (
    id bigint NOT NULL,
    nombre character varying(100) NOT NULL,
    descripcion text NOT NULL,
    precio numeric(8,2) NOT NULL,
    disponible boolean NOT NULL,
    duracion integer NOT NULL,
    imagen character varying(100)
);


ALTER TABLE public.servicios_servicio OWNER TO postgres;

--
-- Name: servicios_servicio_id_seq; Type: SEQUENCE; Schema: public; Owner: postgres
--

ALTER TABLE public.servicios_servicio ALTER COLUMN id ADD GENERATED BY DEFAULT AS IDENTITY (
    SEQUENCE NAME public.servicios_servicio_id_seq
    START WITH 1
    INCREMENT BY 1
    NO MINVALUE
    NO MAXVALUE
    CACHE 1
);


--
-- Name: usuarios_usuario; Type: TABLE; Schema: public; Owner: postgres
--

CREATE TABLE public.usuarios_usuario (
    id bigint NOT NULL,
    password character varying(128) NOT NULL,
    last_login timestamp with time zone,
    is_superuser boolean NOT NULL,
    username character varying(150) NOT NULL,
    first_name character varying(150) NOT NULL,
    last_name character varying(150) NOT NULL,
    email character varying(254) NOT NULL,
    is_staff boolean NOT NULL,
    is_active boolean NOT NULL,
    date_joined timestamp with time zone NOT NULL,
    tipo_usuario character varying(10) NOT NULL,
    telefono character varying(8) NOT NULL,
    fecha_registro timestamp with time zone NOT NULL
);


ALTER TABLE public.usuarios_usuario OWNER TO postgres;

--
-- Name: usuarios_usuario_groups; Type: TABLE; Schema: public; Owner: postgres
--

CREATE TABLE public.usuarios_usuario_groups (
    id bigint NOT NULL,
    usuario_id bigint NOT NULL,
    group_id integer NOT NULL
);


ALTER TABLE public.usuarios_usuario_groups OWNER TO postgres;

--
-- Name: usuarios_usuario_groups_id_seq; Type: SEQUENCE; Schema: public; Owner: postgres
--

ALTER TABLE public.usuarios_usuario_groups ALTER COLUMN id ADD GENERATED BY DEFAULT AS IDENTITY (
    SEQUENCE NAME public.usuarios_usuario_groups_id_seq
    START WITH 1
    INCREMENT BY 1
    NO MINVALUE
    NO MAXVALUE
    CACHE 1
);


--
-- Name: usuarios_usuario_id_seq; Type: SEQUENCE; Schema: public; Owner: postgres
--

ALTER TABLE public.usuarios_usuario ALTER COLUMN id ADD GENERATED BY DEFAULT AS IDENTITY (
    SEQUENCE NAME public.usuarios_usuario_id_seq
    START WITH 1
    INCREMENT BY 1
    NO MINVALUE
    NO MAXVALUE
    CACHE 1
);


--
-- Name: usuarios_usuario_user_permissions; Type: TABLE; Schema: public; Owner: postgres
--

CREATE TABLE public.usuarios_usuario_user_permissions (
    id bigint NOT NULL,
    usuario_id bigint NOT NULL,
    permission_id integer NOT NULL
);


ALTER TABLE public.usuarios_usuario_user_permissions OWNER TO postgres;

--
-- Name: usuarios_usuario_user_permissions_id_seq; Type: SEQUENCE; Schema: public; Owner: postgres
--

ALTER TABLE public.usuarios_usuario_user_permissions ALTER COLUMN id ADD GENERATED BY DEFAULT AS IDENTITY (
    SEQUENCE NAME public.usuarios_usuario_user_permissions_id_seq
    START WITH 1
    INCREMENT BY 1
    NO MINVALUE
    NO MAXVALUE
    CACHE 1
);


--
-- Data for Name: auth_group; Type: TABLE DATA; Schema: public; Owner: postgres
--

COPY public.auth_group (id, name) FROM stdin;
\.


--
-- Data for Name: auth_group_permissions; Type: TABLE DATA; Schema: public; Owner: postgres
--

COPY public.auth_group_permissions (id, group_id, permission_id) FROM stdin;
\.


--
-- Data for Name: auth_permission; Type: TABLE DATA; Schema: public; Owner: postgres
--

COPY public.auth_permission (id, name, content_type_id, codename) FROM stdin;
1	Can add log entry	1	add_logentry
2	Can change log entry	1	change_logentry
3	Can delete log entry	1	delete_logentry
4	Can view log entry	1	view_logentry
5	Can add permission	2	add_permission
6	Can change permission	2	change_permission
7	Can delete permission	2	delete_permission
8	Can view permission	2	view_permission
9	Can add group	3	add_group
10	Can change group	3	change_group
11	Can delete group	3	delete_group
12	Can view group	3	view_group
13	Can add content type	4	add_contenttype
14	Can change content type	4	change_contenttype
15	Can delete content type	4	delete_contenttype
16	Can view content type	4	view_contenttype
17	Can add session	5	add_session
18	Can change session	5	change_session
19	Can delete session	5	delete_session
20	Can view session	5	view_session
21	Can add user	6	add_usuario
22	Can change user	6	change_usuario
23	Can delete user	6	delete_usuario
24	Can view user	6	view_usuario
25	Can add cita	7	add_cita
26	Can change cita	7	change_cita
27	Can delete cita	7	delete_cita
28	Can view cita	7	view_cita
29	Can add servicio	8	add_servicio
30	Can change servicio	8	change_servicio
31	Can delete servicio	8	delete_servicio
32	Can view servicio	8	view_servicio
33	Can add Servicio en carrito	9	add_carritoservicio
34	Can change Servicio en carrito	9	change_carritoservicio
35	Can delete Servicio en carrito	9	delete_carritoservicio
36	Can view Servicio en carrito	9	view_carritoservicio
37	Can add carrito	10	add_carrito
38	Can change carrito	10	change_carrito
39	Can delete carrito	10	delete_carrito
40	Can view carrito	10	view_carrito
41	Can add cita	11	add_cita
42	Can change cita	11	change_cita
43	Can delete cita	11	delete_cita
44	Can view cita	11	view_cita
\.


--
-- Data for Name: citas_carrito; Type: TABLE DATA; Schema: public; Owner: postgres
--

COPY public.citas_carrito (id, cantidad, agregado_en, servicio_id, usuario_id) FROM stdin;
\.


--
-- Data for Name: citas_cita; Type: TABLE DATA; Schema: public; Owner: postgres
--

COPY public.citas_cita (id, fecha, estado, notas, creado_en, servicio_id, usuario_id) FROM stdin;
1	2025-10-22 01:10:00-06	pendiente		2025-10-10 01:10:57.470761-06	2	2
2	2025-10-28 13:03:00-06	pendiente		2025-10-10 03:07:44.585288-06	3	2
\.


--
-- Data for Name: django_admin_log; Type: TABLE DATA; Schema: public; Owner: postgres
--

COPY public.django_admin_log (id, action_time, object_id, object_repr, action_flag, change_message, content_type_id, user_id) FROM stdin;
1	2025-10-08 12:31:20.943375-06	2	alejandra.1 (cliente)	1	[{"added": {}}]	6	1
2	2025-10-08 12:56:49.771833-06	1	Consulta general	1	[{"added": {}}]	8	1
3	2025-10-08 13:05:39.586806-06	2	Vacunación	1	[{"added": {}}]	8	1
4	2025-10-08 13:37:37.294843-06	3	Desparasitación	1	[{"added": {}}]	8	1
\.


--
-- Data for Name: django_content_type; Type: TABLE DATA; Schema: public; Owner: postgres
--

COPY public.django_content_type (id, app_label, model) FROM stdin;
1	admin	logentry
2	auth	permission
3	auth	group
4	contenttypes	contenttype
5	sessions	session
6	usuarios	usuario
7	servicios	cita
8	servicios	servicio
9	citas	carritoservicio
10	citas	carrito
11	citas	cita
\.


--
-- Data for Name: django_migrations; Type: TABLE DATA; Schema: public; Owner: postgres
--

COPY public.django_migrations (id, app, name, applied) FROM stdin;
1	contenttypes	0001_initial	2025-10-08 12:07:07.961154-06
2	contenttypes	0002_remove_content_type_name	2025-10-08 12:07:07.966685-06
3	auth	0001_initial	2025-10-08 12:07:08.004672-06
4	auth	0002_alter_permission_name_max_length	2025-10-08 12:07:08.009132-06
5	auth	0003_alter_user_email_max_length	2025-10-08 12:07:08.013445-06
6	auth	0004_alter_user_username_opts	2025-10-08 12:07:08.018326-06
7	auth	0005_alter_user_last_login_null	2025-10-08 12:07:08.02327-06
8	auth	0006_require_contenttypes_0002	2025-10-08 12:07:08.025127-06
9	auth	0007_alter_validators_add_error_messages	2025-10-08 12:07:08.029509-06
10	auth	0008_alter_user_username_max_length	2025-10-08 12:07:08.033897-06
11	auth	0009_alter_user_last_name_max_length	2025-10-08 12:07:08.039075-06
12	auth	0010_alter_group_name_max_length	2025-10-08 12:07:08.044902-06
13	auth	0011_update_proxy_permissions	2025-10-08 12:07:08.049083-06
14	auth	0012_alter_user_first_name_max_length	2025-10-08 12:07:08.053276-06
15	usuarios	0001_initial	2025-10-08 12:07:08.09931-06
16	admin	0001_initial	2025-10-08 12:07:08.123588-06
17	admin	0002_logentry_remove_auto_add	2025-10-08 12:07:08.131642-06
18	admin	0003_logentry_add_action_flag_choices	2025-10-08 12:07:08.138215-06
19	sessions	0001_initial	2025-10-08 12:07:08.151516-06
20	servicios	0001_initial	2025-10-08 12:34:51.041619-06
21	servicios	0002_alter_cita_options_alter_servicio_options_and_more	2025-10-08 12:42:26.516021-06
22	citas	0001_initial	2025-10-08 12:42:26.542091-06
23	usuarios	0002_alter_usuario_telefono	2025-10-09 22:04:15.172099-06
24	servicios	0003_delete_cita	2025-10-10 00:20:27.542991-06
25	citas	0002_carrito_cita_delete_carritoservicio	2025-10-10 00:20:27.625495-06
\.


--
-- Data for Name: django_session; Type: TABLE DATA; Schema: public; Owner: postgres
--

COPY public.django_session (session_key, session_data, expire_date) FROM stdin;
j941psidcgjmdc4v6r7xacairdihog16	.eJxVjMsOwiAQRf-FtSFAebp07zeQGRikaiAp7cr479qkC93ec859sQjbWuM2aIlzZmcm2el3Q0gPajvId2i3zlNv6zIj3xV-0MGvPdPzcrh_BxVG_damgFUWDQnpzOQBAgnh0EoTtIVcXNBFkgFVlDDeoZzIhwRIFuyUhGbvD9OeN6A:1v6iTl:nhpJBhPX8Ew8s-fqFHd0ZHh5vzdmqIPn9WbD--F_1zc	2025-10-22 22:42:13.483416-06
\.


--
-- Data for Name: servicios_servicio; Type: TABLE DATA; Schema: public; Owner: postgres
--

COPY public.servicios_servicio (id, nombre, descripcion, precio, disponible, duracion, imagen) FROM stdin;
1	Consulta general	¿En qué consiste nuestra consulta general? En una revisión completa de tu mascota: examen físico, evaluación de signos vitales, análisis de síntomas, diagnóstico y un plan de tratamiento personalizado.	125.00	t	30	servicios/consultageneral.jpg
2	Vacunación	Aplicación de vacunas esenciales para proteger a tu mascota.	90.00	t	20	servicios/vacunacion.jpg
3	Desparasitación	Tratamiento completo contra parásitos internos y externos.	75.00	t	15	servicios/desparasitacion.jpg
4	Cirugía General	Equipo multidisciplinario capacitado a cargo del cuidado quirúrgico de una amplia variedad de enfermedades que afectan diferentes sistemas y órganos del cuerpo.	400.00	t	90	
\.


--
-- Data for Name: usuarios_usuario; Type: TABLE DATA; Schema: public; Owner: postgres
--

COPY public.usuarios_usuario (id, password, last_login, is_superuser, username, first_name, last_name, email, is_staff, is_active, date_joined, tipo_usuario, telefono, fecha_registro) FROM stdin;
3	pbkdf2_sha256$1000000$LnVZol21XViKTRjbOI5EcE$kt5onnyVTvVy2vmHH0zI2dgbY2xQyfotsL0hvSsxBF0=	2025-10-09 22:05:56.206408-06	f	paola_mendoza			paolamendoza@gmail.com	f	t	2025-10-08 20:09:31.851454-06	cliente	52196304	2025-10-08 20:09:32.275267-06
4	pbkdf2_sha256$1000000$3exXlV5hKr1r7FfDurJ9RB$TP7MuWhL9w7EUkAG1Z/PazpdA2gIAuAwLO6VeK3UsA8=	2025-10-10 02:50:58.256226-06	f	magali.2			alejandramglmr@gmail.com	f	t	2025-10-10 02:50:57.955098-06	cliente	1234567	2025-10-10 02:50:58.24509-06
1	pbkdf2_sha256$1000000$eUJVg2i0yD72UnJ8qdVpRR$KV7FowYtfGkTH0eLhliI+i23aNyongz/xo+vHvNmnqo=	2025-10-10 03:05:02.420836-06	t	admin			admin@veterinaria.com	t	t	2025-10-08 12:09:11.425618-06	cliente		2025-10-08 12:09:11.702398-06
2	pbkdf2_sha256$1000000$jqndqEcRDdAkXTsUgCfVzf$w/vWne9tiaFG4QxWSv3K2gv3TmT8wR/eMdP4rTUdkU8=	2025-10-10 03:10:08.62692-06	f	alejandra.1			alejandramglmr@gmail.com	f	t	2025-10-08 12:31:20.672429-06	cliente	36129952	2025-10-08 12:31:20.942093-06
\.


--
-- Data for Name: usuarios_usuario_groups; Type: TABLE DATA; Schema: public; Owner: postgres
--

COPY public.usuarios_usuario_groups (id, usuario_id, group_id) FROM stdin;
\.


--
-- Data for Name: usuarios_usuario_user_permissions; Type: TABLE DATA; Schema: public; Owner: postgres
--

COPY public.usuarios_usuario_user_permissions (id, usuario_id, permission_id) FROM stdin;
\.


--
-- Name: auth_group_id_seq; Type: SEQUENCE SET; Schema: public; Owner: postgres
--

SELECT pg_catalog.setval('public.auth_group_id_seq', 1, false);


--
-- Name: auth_group_permissions_id_seq; Type: SEQUENCE SET; Schema: public; Owner: postgres
--

SELECT pg_catalog.setval('public.auth_group_permissions_id_seq', 1, false);


--
-- Name: auth_permission_id_seq; Type: SEQUENCE SET; Schema: public; Owner: postgres
--

SELECT pg_catalog.setval('public.auth_permission_id_seq', 44, true);


--
-- Name: citas_carrito_id_seq; Type: SEQUENCE SET; Schema: public; Owner: postgres
--

SELECT pg_catalog.setval('public.citas_carrito_id_seq', 7, true);


--
-- Name: citas_cita_id_seq; Type: SEQUENCE SET; Schema: public; Owner: postgres
--

SELECT pg_catalog.setval('public.citas_cita_id_seq', 2, true);


--
-- Name: django_admin_log_id_seq; Type: SEQUENCE SET; Schema: public; Owner: postgres
--

SELECT pg_catalog.setval('public.django_admin_log_id_seq', 4, true);


--
-- Name: django_content_type_id_seq; Type: SEQUENCE SET; Schema: public; Owner: postgres
--

SELECT pg_catalog.setval('public.django_content_type_id_seq', 11, true);


--
-- Name: django_migrations_id_seq; Type: SEQUENCE SET; Schema: public; Owner: postgres
--

SELECT pg_catalog.setval('public.django_migrations_id_seq', 25, true);


--
-- Name: servicios_servicio_id_seq; Type: SEQUENCE SET; Schema: public; Owner: postgres
--

SELECT pg_catalog.setval('public.servicios_servicio_id_seq', 4, true);


--
-- Name: usuarios_usuario_groups_id_seq; Type: SEQUENCE SET; Schema: public; Owner: postgres
--

SELECT pg_catalog.setval('public.usuarios_usuario_groups_id_seq', 1, false);


--
-- Name: usuarios_usuario_id_seq; Type: SEQUENCE SET; Schema: public; Owner: postgres
--

SELECT pg_catalog.setval('public.usuarios_usuario_id_seq', 4, true);


--
-- Name: usuarios_usuario_user_permissions_id_seq; Type: SEQUENCE SET; Schema: public; Owner: postgres
--

SELECT pg_catalog.setval('public.usuarios_usuario_user_permissions_id_seq', 1, false);


--
-- Name: auth_group auth_group_name_key; Type: CONSTRAINT; Schema: public; Owner: postgres
--

ALTER TABLE ONLY public.auth_group
    ADD CONSTRAINT auth_group_name_key UNIQUE (name);


--
-- Name: auth_group_permissions auth_group_permissions_group_id_permission_id_0cd325b0_uniq; Type: CONSTRAINT; Schema: public; Owner: postgres
--

ALTER TABLE ONLY public.auth_group_permissions
    ADD CONSTRAINT auth_group_permissions_group_id_permission_id_0cd325b0_uniq UNIQUE (group_id, permission_id);


--
-- Name: auth_group_permissions auth_group_permissions_pkey; Type: CONSTRAINT; Schema: public; Owner: postgres
--

ALTER TABLE ONLY public.auth_group_permissions
    ADD CONSTRAINT auth_group_permissions_pkey PRIMARY KEY (id);


--
-- Name: auth_group auth_group_pkey; Type: CONSTRAINT; Schema: public; Owner: postgres
--

ALTER TABLE ONLY public.auth_group
    ADD CONSTRAINT auth_group_pkey PRIMARY KEY (id);


--
-- Name: auth_permission auth_permission_content_type_id_codename_01ab375a_uniq; Type: CONSTRAINT; Schema: public; Owner: postgres
--

ALTER TABLE ONLY public.auth_permission
    ADD CONSTRAINT auth_permission_content_type_id_codename_01ab375a_uniq UNIQUE (content_type_id, codename);


--
-- Name: auth_permission auth_permission_pkey; Type: CONSTRAINT; Schema: public; Owner: postgres
--

ALTER TABLE ONLY public.auth_permission
    ADD CONSTRAINT auth_permission_pkey PRIMARY KEY (id);


--
-- Name: citas_carrito citas_carrito_pkey; Type: CONSTRAINT; Schema: public; Owner: postgres
--

ALTER TABLE ONLY public.citas_carrito
    ADD CONSTRAINT citas_carrito_pkey PRIMARY KEY (id);


--
-- Name: citas_carrito citas_carrito_usuario_id_servicio_id_9b54b14d_uniq; Type: CONSTRAINT; Schema: public; Owner: postgres
--

ALTER TABLE ONLY public.citas_carrito
    ADD CONSTRAINT citas_carrito_usuario_id_servicio_id_9b54b14d_uniq UNIQUE (usuario_id, servicio_id);


--
-- Name: citas_cita citas_cita_pkey; Type: CONSTRAINT; Schema: public; Owner: postgres
--

ALTER TABLE ONLY public.citas_cita
    ADD CONSTRAINT citas_cita_pkey PRIMARY KEY (id);


--
-- Name: django_admin_log django_admin_log_pkey; Type: CONSTRAINT; Schema: public; Owner: postgres
--

ALTER TABLE ONLY public.django_admin_log
    ADD CONSTRAINT django_admin_log_pkey PRIMARY KEY (id);


--
-- Name: django_content_type django_content_type_app_label_model_76bd3d3b_uniq; Type: CONSTRAINT; Schema: public; Owner: postgres
--

ALTER TABLE ONLY public.django_content_type
    ADD CONSTRAINT django_content_type_app_label_model_76bd3d3b_uniq UNIQUE (app_label, model);


--
-- Name: django_content_type django_content_type_pkey; Type: CONSTRAINT; Schema: public; Owner: postgres
--

ALTER TABLE ONLY public.django_content_type
    ADD CONSTRAINT django_content_type_pkey PRIMARY KEY (id);


--
-- Name: django_migrations django_migrations_pkey; Type: CONSTRAINT; Schema: public; Owner: postgres
--

ALTER TABLE ONLY public.django_migrations
    ADD CONSTRAINT django_migrations_pkey PRIMARY KEY (id);


--
-- Name: django_session django_session_pkey; Type: CONSTRAINT; Schema: public; Owner: postgres
--

ALTER TABLE ONLY public.django_session
    ADD CONSTRAINT django_session_pkey PRIMARY KEY (session_key);


--
-- Name: servicios_servicio servicios_servicio_pkey; Type: CONSTRAINT; Schema: public; Owner: postgres
--

ALTER TABLE ONLY public.servicios_servicio
    ADD CONSTRAINT servicios_servicio_pkey PRIMARY KEY (id);


--
-- Name: usuarios_usuario_groups usuarios_usuario_groups_pkey; Type: CONSTRAINT; Schema: public; Owner: postgres
--

ALTER TABLE ONLY public.usuarios_usuario_groups
    ADD CONSTRAINT usuarios_usuario_groups_pkey PRIMARY KEY (id);


--
-- Name: usuarios_usuario_groups usuarios_usuario_groups_usuario_id_group_id_4ed5b09e_uniq; Type: CONSTRAINT; Schema: public; Owner: postgres
--

ALTER TABLE ONLY public.usuarios_usuario_groups
    ADD CONSTRAINT usuarios_usuario_groups_usuario_id_group_id_4ed5b09e_uniq UNIQUE (usuario_id, group_id);


--
-- Name: usuarios_usuario usuarios_usuario_pkey; Type: CONSTRAINT; Schema: public; Owner: postgres
--

ALTER TABLE ONLY public.usuarios_usuario
    ADD CONSTRAINT usuarios_usuario_pkey PRIMARY KEY (id);


--
-- Name: usuarios_usuario_user_permissions usuarios_usuario_user_pe_usuario_id_permission_id_217cadcd_uniq; Type: CONSTRAINT; Schema: public; Owner: postgres
--

ALTER TABLE ONLY public.usuarios_usuario_user_permissions
    ADD CONSTRAINT usuarios_usuario_user_pe_usuario_id_permission_id_217cadcd_uniq UNIQUE (usuario_id, permission_id);


--
-- Name: usuarios_usuario_user_permissions usuarios_usuario_user_permissions_pkey; Type: CONSTRAINT; Schema: public; Owner: postgres
--

ALTER TABLE ONLY public.usuarios_usuario_user_permissions
    ADD CONSTRAINT usuarios_usuario_user_permissions_pkey PRIMARY KEY (id);


--
-- Name: usuarios_usuario usuarios_usuario_username_key; Type: CONSTRAINT; Schema: public; Owner: postgres
--

ALTER TABLE ONLY public.usuarios_usuario
    ADD CONSTRAINT usuarios_usuario_username_key UNIQUE (username);


--
-- Name: auth_group_name_a6ea08ec_like; Type: INDEX; Schema: public; Owner: postgres
--

CREATE INDEX auth_group_name_a6ea08ec_like ON public.auth_group USING btree (name varchar_pattern_ops);


--
-- Name: auth_group_permissions_group_id_b120cbf9; Type: INDEX; Schema: public; Owner: postgres
--

CREATE INDEX auth_group_permissions_group_id_b120cbf9 ON public.auth_group_permissions USING btree (group_id);


--
-- Name: auth_group_permissions_permission_id_84c5c92e; Type: INDEX; Schema: public; Owner: postgres
--

CREATE INDEX auth_group_permissions_permission_id_84c5c92e ON public.auth_group_permissions USING btree (permission_id);


--
-- Name: auth_permission_content_type_id_2f476e4b; Type: INDEX; Schema: public; Owner: postgres
--

CREATE INDEX auth_permission_content_type_id_2f476e4b ON public.auth_permission USING btree (content_type_id);


--
-- Name: citas_carrito_servicio_id_55dfbb80; Type: INDEX; Schema: public; Owner: postgres
--

CREATE INDEX citas_carrito_servicio_id_55dfbb80 ON public.citas_carrito USING btree (servicio_id);


--
-- Name: citas_carrito_usuario_id_1b6c5ded; Type: INDEX; Schema: public; Owner: postgres
--

CREATE INDEX citas_carrito_usuario_id_1b6c5ded ON public.citas_carrito USING btree (usuario_id);


--
-- Name: citas_cita_servicio_id_e2034bca; Type: INDEX; Schema: public; Owner: postgres
--

CREATE INDEX citas_cita_servicio_id_e2034bca ON public.citas_cita USING btree (servicio_id);


--
-- Name: citas_cita_usuario_id_45c0c3ec; Type: INDEX; Schema: public; Owner: postgres
--

CREATE INDEX citas_cita_usuario_id_45c0c3ec ON public.citas_cita USING btree (usuario_id);


--
-- Name: django_admin_log_content_type_id_c4bce8eb; Type: INDEX; Schema: public; Owner: postgres
--

CREATE INDEX django_admin_log_content_type_id_c4bce8eb ON public.django_admin_log USING btree (content_type_id);


--
-- Name: django_admin_log_user_id_c564eba6; Type: INDEX; Schema: public; Owner: postgres
--

CREATE INDEX django_admin_log_user_id_c564eba6 ON public.django_admin_log USING btree (user_id);


--
-- Name: django_session_expire_date_a5c62663; Type: INDEX; Schema: public; Owner: postgres
--

CREATE INDEX django_session_expire_date_a5c62663 ON public.django_session USING btree (expire_date);


--
-- Name: django_session_session_key_c0390e0f_like; Type: INDEX; Schema: public; Owner: postgres
--

CREATE INDEX django_session_session_key_c0390e0f_like ON public.django_session USING btree (session_key varchar_pattern_ops);


--
-- Name: usuarios_usuario_groups_group_id_e77f6dcf; Type: INDEX; Schema: public; Owner: postgres
--

CREATE INDEX usuarios_usuario_groups_group_id_e77f6dcf ON public.usuarios_usuario_groups USING btree (group_id);


--
-- Name: usuarios_usuario_groups_usuario_id_7a34077f; Type: INDEX; Schema: public; Owner: postgres
--

CREATE INDEX usuarios_usuario_groups_usuario_id_7a34077f ON public.usuarios_usuario_groups USING btree (usuario_id);


--
-- Name: usuarios_usuario_user_permissions_permission_id_4e5c0f2f; Type: INDEX; Schema: public; Owner: postgres
--

CREATE INDEX usuarios_usuario_user_permissions_permission_id_4e5c0f2f ON public.usuarios_usuario_user_permissions USING btree (permission_id);


--
-- Name: usuarios_usuario_user_permissions_usuario_id_60aeea80; Type: INDEX; Schema: public; Owner: postgres
--

CREATE INDEX usuarios_usuario_user_permissions_usuario_id_60aeea80 ON public.usuarios_usuario_user_permissions USING btree (usuario_id);


--
-- Name: usuarios_usuario_username_be9def2b_like; Type: INDEX; Schema: public; Owner: postgres
--

CREATE INDEX usuarios_usuario_username_be9def2b_like ON public.usuarios_usuario USING btree (username varchar_pattern_ops);


--
-- Name: auth_group_permissions auth_group_permissio_permission_id_84c5c92e_fk_auth_perm; Type: FK CONSTRAINT; Schema: public; Owner: postgres
--

ALTER TABLE ONLY public.auth_group_permissions
    ADD CONSTRAINT auth_group_permissio_permission_id_84c5c92e_fk_auth_perm FOREIGN KEY (permission_id) REFERENCES public.auth_permission(id) DEFERRABLE INITIALLY DEFERRED;


--
-- Name: auth_group_permissions auth_group_permissions_group_id_b120cbf9_fk_auth_group_id; Type: FK CONSTRAINT; Schema: public; Owner: postgres
--

ALTER TABLE ONLY public.auth_group_permissions
    ADD CONSTRAINT auth_group_permissions_group_id_b120cbf9_fk_auth_group_id FOREIGN KEY (group_id) REFERENCES public.auth_group(id) DEFERRABLE INITIALLY DEFERRED;


--
-- Name: auth_permission auth_permission_content_type_id_2f476e4b_fk_django_co; Type: FK CONSTRAINT; Schema: public; Owner: postgres
--

ALTER TABLE ONLY public.auth_permission
    ADD CONSTRAINT auth_permission_content_type_id_2f476e4b_fk_django_co FOREIGN KEY (content_type_id) REFERENCES public.django_content_type(id) DEFERRABLE INITIALLY DEFERRED;


--
-- Name: citas_carrito citas_carrito_servicio_id_55dfbb80_fk_servicios_servicio_id; Type: FK CONSTRAINT; Schema: public; Owner: postgres
--

ALTER TABLE ONLY public.citas_carrito
    ADD CONSTRAINT citas_carrito_servicio_id_55dfbb80_fk_servicios_servicio_id FOREIGN KEY (servicio_id) REFERENCES public.servicios_servicio(id) DEFERRABLE INITIALLY DEFERRED;


--
-- Name: citas_carrito citas_carrito_usuario_id_1b6c5ded_fk_usuarios_usuario_id; Type: FK CONSTRAINT; Schema: public; Owner: postgres
--

ALTER TABLE ONLY public.citas_carrito
    ADD CONSTRAINT citas_carrito_usuario_id_1b6c5ded_fk_usuarios_usuario_id FOREIGN KEY (usuario_id) REFERENCES public.usuarios_usuario(id) DEFERRABLE INITIALLY DEFERRED;


--
-- Name: citas_cita citas_cita_servicio_id_e2034bca_fk_servicios_servicio_id; Type: FK CONSTRAINT; Schema: public; Owner: postgres
--

ALTER TABLE ONLY public.citas_cita
    ADD CONSTRAINT citas_cita_servicio_id_e2034bca_fk_servicios_servicio_id FOREIGN KEY (servicio_id) REFERENCES public.servicios_servicio(id) DEFERRABLE INITIALLY DEFERRED;


--
-- Name: citas_cita citas_cita_usuario_id_45c0c3ec_fk_usuarios_usuario_id; Type: FK CONSTRAINT; Schema: public; Owner: postgres
--

ALTER TABLE ONLY public.citas_cita
    ADD CONSTRAINT citas_cita_usuario_id_45c0c3ec_fk_usuarios_usuario_id FOREIGN KEY (usuario_id) REFERENCES public.usuarios_usuario(id) DEFERRABLE INITIALLY DEFERRED;


--
-- Name: django_admin_log django_admin_log_content_type_id_c4bce8eb_fk_django_co; Type: FK CONSTRAINT; Schema: public; Owner: postgres
--

ALTER TABLE ONLY public.django_admin_log
    ADD CONSTRAINT django_admin_log_content_type_id_c4bce8eb_fk_django_co FOREIGN KEY (content_type_id) REFERENCES public.django_content_type(id) DEFERRABLE INITIALLY DEFERRED;


--
-- Name: django_admin_log django_admin_log_user_id_c564eba6_fk_usuarios_usuario_id; Type: FK CONSTRAINT; Schema: public; Owner: postgres
--

ALTER TABLE ONLY public.django_admin_log
    ADD CONSTRAINT django_admin_log_user_id_c564eba6_fk_usuarios_usuario_id FOREIGN KEY (user_id) REFERENCES public.usuarios_usuario(id) DEFERRABLE INITIALLY DEFERRED;


--
-- Name: usuarios_usuario_groups usuarios_usuario_gro_usuario_id_7a34077f_fk_usuarios_; Type: FK CONSTRAINT; Schema: public; Owner: postgres
--

ALTER TABLE ONLY public.usuarios_usuario_groups
    ADD CONSTRAINT usuarios_usuario_gro_usuario_id_7a34077f_fk_usuarios_ FOREIGN KEY (usuario_id) REFERENCES public.usuarios_usuario(id) DEFERRABLE INITIALLY DEFERRED;


--
-- Name: usuarios_usuario_groups usuarios_usuario_groups_group_id_e77f6dcf_fk_auth_group_id; Type: FK CONSTRAINT; Schema: public; Owner: postgres
--

ALTER TABLE ONLY public.usuarios_usuario_groups
    ADD CONSTRAINT usuarios_usuario_groups_group_id_e77f6dcf_fk_auth_group_id FOREIGN KEY (group_id) REFERENCES public.auth_group(id) DEFERRABLE INITIALLY DEFERRED;


--
-- Name: usuarios_usuario_user_permissions usuarios_usuario_use_permission_id_4e5c0f2f_fk_auth_perm; Type: FK CONSTRAINT; Schema: public; Owner: postgres
--

ALTER TABLE ONLY public.usuarios_usuario_user_permissions
    ADD CONSTRAINT usuarios_usuario_use_permission_id_4e5c0f2f_fk_auth_perm FOREIGN KEY (permission_id) REFERENCES public.auth_permission(id) DEFERRABLE INITIALLY DEFERRED;


--
-- Name: usuarios_usuario_user_permissions usuarios_usuario_use_usuario_id_60aeea80_fk_usuarios_; Type: FK CONSTRAINT; Schema: public; Owner: postgres
--

ALTER TABLE ONLY public.usuarios_usuario_user_permissions
    ADD CONSTRAINT usuarios_usuario_use_usuario_id_60aeea80_fk_usuarios_ FOREIGN KEY (usuario_id) REFERENCES public.usuarios_usuario(id) DEFERRABLE INITIALLY DEFERRED;


--
-- PostgreSQL database dump complete
--

\unrestrict pgXsHS4nvEfM3qSDhJR8b0P8NjnxwzLHcOSglh2bj70QoxAyTk2zQAR8ctUbfZc

